t,v
2020-01-01T00:00:00Z,0.997801007
2020-01-02T00:00:00Z,0.996801541
2020-01-03T00:00:00Z,1.001081139
2020-01-04T00:00:00Z,0.996234141
2020-01-05T00:00:00Z,1.001827452
2020-01-06T00:00:00Z,1.003009233
2020-01-07T00:00:00Z,1.008727896
2020-01-08T00:00:00Z,1.011290561
2020-01-09T00:00:00Z,1.005681919
2020-01-10T00:00:00Z,1.001681062
2020-01-11T00:00:00Z,1.003675329
2020-01-12T00:00:00Z,1.005104965
2020-01-13T00:00:00Z,1.006325385
2020-01-14T00:00:00Z,1.022849967
2020-01-15T00:00:00Z,1.012980847
2020-01-16T00:00:00Z,1.010472263
2020-01-17T00:00:00Z,1.009877544
2020-01-18T00:00:00Z,1.007597007
2020-01-19T00:00:00Z,1.001376765
2020-01-20T00:00:00Z,0.999317336
2020-01-21T00:00:00Z,1.003858089
2020-01-22T00:00:00Z,1.002164287
2020-01-23T00:00:00Z,1.001339815
2020-01-24T00:00:00Z,1.006362502
2020-01-25T00:00:00Z,1.002040617
2020-01-26T00:00:00Z,1.003751926
2020-01-27T00:00:00Z,1.004594695
2020-01-28T00:00:00Z,1.009189627
2020-01-29T00:00:00Z,1.026916238
2020-01-30T00:00:00Z,1.0113513
2020-01-31T00:00:00Z,1.017147737
2020-02-01T00:00:00Z,1.005085104
2020-02-02T00:00:00Z,0.999629009
2020-02-03T00:00:00Z,1.004349225
2020-02-04T00:00:00Z,1.003832591
2020-02-05T00:00:00Z,1.010060726
2020-02-06T00:00:00Z,1.018165335
2020-02-07T00:00:00Z,1.025045425
2020-02-08T00:00:00Z,1.015146436
2020-02-09T00:00:00Z,1.018223636
2020-02-10T00:00:00Z,1.027933269
2020-02-11T00:00:00Z,1.014321373
2020-02-12T00:00:00Z,1.013148626
2020-02-13T00:00:00Z,1.011172174
2020-02-14T00:00:00Z,1.00861972
2020-02-15T00:00:00Z,1.002659626
2020-02-16T00:00:00Z,1.003421527
2020-02-17T00:00:00Z,0.999789818
2020-02-18T00:00:00Z,1.011549491
2020-02-19T00:00:00Z,1.008334441
2020-02-20T00:00:00Z,0.996101923
2020-02-21T00:00:00Z,1.003753247
2020-02-22T00:00:00Z,1.002781709
2020-02-23T00:00:00Z,1.008704225
2020-02-24T00:00:00Z,1.003684925
2020-02-25T00:00:00Z,1.016794304
2020-02-26T00:00:00Z,0.990467519
2020-02-27T00:00:00Z,0.987682555
2020-02-28T00:00:00Z,0.996172334
2020-02-29T00:00:00Z,0.996456244
2020-03-01T00:00:00Z,0.992766567
2020-03-02T00:00:00Z,1.004331695
2020-03-03T00:00:00Z,1.005874757
2020-03-04T00:00:00Z,0.980473284
2020-03-05T00:00:00Z,1.003011088
2020-03-06T00:00:00Z,1.003674025
2020-03-07T00:00:00Z,1.000818867
2020-03-08T00:00:00Z,0.993072919
2020-03-09T00:00:00Z,0.976863166
2020-03-10T00:00:00Z,0.986114021
2020-03-11T00:00:00Z,0.978311911
2020-03-12T00:00:00Z,0.915684914
2020-03-13T00:00:00Z,0.908846605
2020-03-14T00:00:00Z,0.960892228
2020-03-15T00:00:00Z,0.967425326
2020-03-16T00:00:00Z,0.942753717
2020-03-17T00:00:00Z,0.962899255
2020-03-18T00:00:00Z,0.982051057
2020-03-19T00:00:00Z,0.998192678
2020-03-20T00:00:00Z,0.994244552
2020-03-21T00:00:00Z,0.993795909
2020-03-22T00:00:00Z,1.00463052
2020-03-23T00:00:00Z,0.992984473
2020-03-24T00:00:00Z,1.013040046
2020-03-25T00:00:00Z,0.992613287
2020-03-26T00:00:00Z,1.002598783
2020-03-27T00:00:00Z,0.999769656
2020-03-28T00:00:00Z,0.984297132
2020-03-29T00:00:00Z,0.97992325
2020-03-30T00:00:00Z,0.991246114
2020-03-31T00:00:00Z,0.994929129
2020-04-01T00:00:00Z,0.93980407
2020-04-02T00:00:00Z,1.004062731
2020-04-03T00:00:00Z,1.002279633
2020-04-04T00:00:00Z,0.997142788
2020-04-05T00:00:00Z,1.001198824
2020-04-06T00:00:00Z,1.014135191
2020-04-07T00:00:00Z,1.002554498
2020-04-08T00:00:00Z,1.008006203
2020-04-09T00:00:00Z,1.00288281
2020-04-10T00:00:00Z,0.952216043
2020-04-11T00:00:00Z,0.995402927
2020-04-12T00:00:00Z,1.000553768
2020-04-13T00:00:00Z,0.990727256
2020-04-14T00:00:00Z,0.999402429
2020-04-15T00:00:00Z,0.994952196
2020-04-16T00:00:00Z,0.99857306
2020-04-17T00:00:00Z,1.002619959
2020-04-18T00:00:00Z,1.003929267
2020-04-19T00:00:00Z,1.001232999
2020-04-20T00:00:00Z,0.994473477
2020-04-21T00:00:00Z,0.991815148
2020-04-22T00:00:00Z,1.001428042
2020-04-23T00:00:00Z,1.009242774
2020-04-24T00:00:00Z,1.00849112
2020-04-25T00:00:00Z,1.004884445
2020-04-26T00:00:00Z,1.004765379
2020-04-27T00:00:00Z,1.024998286
2020-04-28T00:00:00Z,1.004269507
2020-04-29T00:00:00Z,1.035009825
2020-04-30T00:00:00Z,1.024337505
2020-05-01T00:00:00Z,1.016011723
2020-05-02T00:00:00Z,1.015396136
2020-05-03T00:00:00Z,1.025936215
2020-05-04T00:00:00Z,1.008970641
2020-05-05T00:00:00Z,1.005492585
2020-05-06T00:00:00Z,1.025383958
2020-05-07T00:00:00Z,1.039986655
2020-05-08T00:00:00Z,1.025746969
2020-05-09T00:00:00Z,1.007603245
2020-05-10T00:00:00Z,0.98898078
2020-05-11T00:00:00Z,0.99387848
2020-05-12T00:00:00Z,0.994610528
2020-05-13T00:00:00Z,1.010486506
2020-05-14T00:00:00Z,1.01458813
2020-05-15T00:00:00Z,1.00893113
2020-05-16T00:00:00Z,1.005774296
2020-05-17T00:00:00Z,1.010840368
2020-05-18T00:00:00Z,1.018859182
2020-05-19T00:00:00Z,1.010130971
2020-05-20T00:00:00Z,1.00903616
2020-05-21T00:00:00Z,0.996545939
2020-05-22T00:00:00Z,0.999161383
2020-05-23T00:00:00Z,1.004598828
2020-05-24T00:00:00Z,1.003105961
2020-05-25T00:00:00Z,0.987730528
2020-05-26T00:00:00Z,0.998258858
2020-05-27T00:00:00Z,1.005843866
2020-05-28T00:00:00Z,1.008570626
2020-05-29T00:00:00Z,1.00412955
2020-05-30T00:00:00Z,1.00532627
2020-05-31T00:00:00Z,1.004632858
2020-06-01T00:00:00Z,1.011940509
2020-06-02T00:00:00Z,1.012390115
2020-06-03T00:00:00Z,1.004229053
2020-06-04T00:00:00Z,1.005925272
2020-06-05T00:00:00Z,1.004640032
2020-06-06T00:00:00Z,1.005963031
2020-06-07T00:00:00Z,1.004607813
2020-06-08T00:00:00Z,1.018534209
2020-06-09T00:00:00Z,1.006728899
2020-06-10T00:00:00Z,1.004687389
2020-06-11T00:00:00Z,1.001028426
2020-06-12T00:00:00Z,1.001198321
2020-06-13T00:00:00Z,1.002297869
2020-06-14T00:00:00Z,1.00367159
2020-06-15T00:00:00Z,0.995980722
2020-06-16T00:00:00Z,1.005507966
2020-06-17T00:00:00Z,1.002245643
2020-06-18T00:00:00Z,1.039465242
2020-06-19T00:00:00Z,1.00008693
2020-06-20T00:00:00Z,1.002657496
2020-06-21T00:00:00Z,1.006040071
2020-06-22T00:00:00Z,1.006367771
2020-06-23T00:00:00Z,1.00564817
2020-06-24T00:00:00Z,0.998136109
2020-06-25T00:00:00Z,0.99772443
2020-06-26T00:00:00Z,1.028876027
2020-06-27T00:00:00Z,1.000488718
2020-06-28T00:00:00Z,0.999038686
2020-06-29T00:00:00Z,1.001413266
2020-06-30T00:00:00Z,1.005384524
2020-07-01T00:00:00Z,1.002272025
2020-07-02T00:00:00Z,1.000273881
2020-07-03T00:00:00Z,1.000613084
2020-07-04T00:00:00Z,1.000834976
2020-07-05T00:00:00Z,0.999496289
2020-07-06T00:00:00Z,1.003339524
2020-07-07T00:00:00Z,1.002920262
2020-07-08T00:00:00Z,1.013745129
2020-07-09T00:00:00Z,1.00410442
2020-07-10T00:00:00Z,0.999364614
2020-07-11T00:00:00Z,1.001384725
2020-07-12T00:00:00Z,1.001527616
2020-07-13T00:00:00Z,1.000332771
2020-07-14T00:00:00Z,1.007134265
2020-07-15T00:00:00Z,1.006196972
2020-07-16T00:00:00Z,0.999899502
2020-07-17T00:00:00Z,0.999797837
2020-07-18T00:00:00Z,1.001216501
2020-07-19T00:00:00Z,1.00320396
2020-07-20T00:00:00Z,1.000695996
2020-07-21T00:00:00Z,1.003705813
2020-07-22T00:00:00Z,1.006784217
2020-07-23T00:00:00Z,1.00822448
2020-07-24T00:00:00Z,1.005415728
2020-07-25T00:00:00Z,1.006415216
2020-07-26T00:00:00Z,1.010323579
2020-07-27T00:00:00Z,1.027746646
2020-07-28T00:00:00Z,1.029342659
2020-07-29T00:00:00Z,1.017494835
2020-07-30T00:00:00Z,1.014839045
2020-07-31T00:00:00Z,1.017474374
2020-08-01T00:00:00Z,1.017050849
2020-08-02T00:00:00Z,1.011168999
2020-08-03T00:00:00Z,1.030357297
2020-08-04T00:00:00Z,1.009369921
2020-08-05T00:00:00Z,1.023436693
2020-08-06T00:00:00Z,1.034791625
2020-08-07T00:00:00Z,1.028370728
2020-08-08T00:00:00Z,1.023559275
2020-08-09T00:00:00Z,1.016996006
2020-08-10T00:00:00Z,1.01380044
2020-08-11T00:00:00Z,1.016820598
2020-08-12T00:00:00Z,1.010010388
2020-08-13T00:00:00Z,1.011411173
2020-08-14T00:00:00Z,1.011628768
2020-08-15T00:00:00Z,1.005418416
2020-08-16T00:00:00Z,1.003770982
2020-08-17T00:00:00Z,1.010001879
2020-08-18T00:00:00Z,1.006079906
2020-08-19T00:00:00Z,1.002350577
2020-08-20T00:00:00Z,1.004907581
2020-08-21T00:00:00Z,1.008477387
2020-08-22T00:00:00Z,1.001710764
2020-08-23T00:00:00Z,1.002088369
2020-08-24T00:00:00Z,1.005280379
2020-08-25T00:00:00Z,1.003413923
2020-08-26T00:00:00Z,1.002557706
2020-08-27T00:00:00Z,1.002197097
2020-08-28T00:00:00Z,1.004717468
2020-08-29T00:00:00Z,1.000985885
2020-08-30T00:00:00Z,1.003650875
2020-08-31T00:00:00Z,1.005238323
2020-09-01T00:00:00Z,1.007634986
2020-09-02T00:00:00Z,1.001692277
2020-09-03T00:00:00Z,1.000149741
2020-09-04T00:00:00Z,0.997581111
2020-09-05T00:00:00Z,0.997532367
2020-09-06T00:00:00Z,0.999286057
2020-09-07T00:00:00Z,0.997704126
2020-09-08T00:00:00Z,0.99874062
2020-09-09T00:00:00Z,0.999388604
2020-09-10T00:00:00Z,1.000281176
2020-09-11T00:00:00Z,0.999366612
2020-09-12T00:00:00Z,0.999548392
2020-09-13T00:00:00Z,1.000252613
2020-09-14T00:00:00Z,1.001450363
2020-09-15T00:00:00Z,1.003114722
2020-09-16T00:00:00Z,1.004171714
2020-09-17T00:00:00Z,1.001286
2020-09-18T00:00:00Z,1.002098943
2020-09-19T00:00:00Z,1.003241682
2020-09-20T00:00:00Z,1.001270388
2020-09-21T00:00:00Z,0.999074144
2020-09-22T00:00:00Z,1.003146208
2020-09-23T00:00:00Z,0.999164161
2020-09-24T00:00:00Z,0.998878351
2020-09-25T00:00:00Z,1.002471034
2020-09-26T00:00:00Z,1.001505931
2020-09-27T00:00:00Z,1.000763254
2020-09-28T00:00:00Z,1.002449094
2020-09-29T00:00:00Z,1.005573401
2020-09-30T00:00:00Z,1.001162109
2020-10-01T00:00:00Z,1.000578672
2020-10-02T00:00:00Z,1.000298268
2020-10-03T00:00:00Z,1.000305256
2020-10-04T00:00:00Z,1.000896968
2020-10-05T00:00:00Z,1.002277455
2020-10-06T00:00:00Z,1.001038072
2020-10-07T00:00:00Z,1.002178601
2020-10-08T00:00:00Z,1.003557778
2020-10-09T00:00:00Z,1.004539088
2020-10-10T00:00:00Z,1.003963004
2020-10-11T00:00:00Z,1.002094043
2020-10-12T00:00:00Z,1.005235345
2020-10-13T00:00:00Z,1.003556349
2020-10-14T00:00:00Z,1.003871727
2020-10-15T00:00:00Z,1.003800378
2020-10-16T00:00:00Z,1.001673782
2020-10-17T00:00:00Z,1.000961966
2020-10-18T00:00:00Z,1.001508227
2020-10-19T00:00:00Z,1.008211223
2020-10-20T00:00:00Z,1.004349624
2020-10-21T00:00:00Z,1.008775512
2020-10-22T00:00:00Z,1.013417671
2020-10-23T00:00:00Z,1.017187647
2020-10-24T00:00:00Z,1.009766775
2020-10-25T00:00:00Z,1.006204178
2020-10-26T00:00:00Z,1.003781661
2020-10-27T00:00:00Z,1.011168893
2020-10-28T00:00:00Z,1.008018156
2020-10-29T00:00:00Z,1.008163436
2020-10-30T00:00:00Z,1.005225475
2020-10-31T00:00:00Z,1.008911196
2020-11-01T00:00:00Z,1.008231821
2020-11-02T00:00:00Z,1.009326638
2020-11-03T00:00:00Z,1.041487869
2020-11-04T00:00:00Z,1.013014148
2020-11-05T00:00:00Z,1.020585804
2020-11-06T00:00:00Z,1.014039968
2020-11-07T00:00:00Z,1.007491939
2020-11-08T00:00:00Z,1.022051402
2020-11-09T00:00:00Z,1.010509903
2020-11-10T00:00:00Z,1.009151043
2020-11-11T00:00:00Z,1.010868668
2020-11-12T00:00:00Z,1.015836176
2020-11-13T00:00:00Z,1.016996197
2020-11-14T00:00:00Z,1.007193193
2020-11-15T00:00:00Z,1.00540966
2020-11-16T00:00:00Z,1.006316647
2020-11-17T00:00:00Z,1.015811419
2020-11-18T00:00:00Z,1.026147946
2020-11-19T00:00:00Z,1.009910834
2020-11-20T00:00:00Z,1.03000026
2020-11-21T00:00:00Z,1.018154113
2020-11-22T00:00:00Z,1.007393466
2020-11-23T00:00:00Z,1.010731317
2020-11-24T00:00:00Z,1.022568368
2020-11-25T00:00:00Z,1.011421141
2020-11-26T00:00:00Z,1.009131531
2020-11-27T00:00:00Z,1.009206485
2020-11-28T00:00:00Z,1.007803813
2020-11-29T00:00:00Z,1.010717236
2020-11-30T00:00:00Z,1.0223216
2020-12-01T00:00:00Z,1.019515668
2020-12-02T00:00:00Z,1.021573499
2020-12-03T00:00:00Z,1.019584867
2020-12-04T00:00:00Z,1.012361819
2020-12-05T00:00:00Z,1.005598155
2020-12-06T00:00:00Z,1.007188855
2020-12-07T00:00:00Z,1.01247573
2020-12-08T00:00:00Z,1.01175822
2020-12-09T00:00:00Z,1.007399186
2020-12-10T00:00:00Z,1.014589745
2020-12-11T00:00:00Z,1.008735778
2020-12-12T00:00:00Z,1.01465136
2020-12-13T00:00:00Z,1.036400817
2020-12-14T00:00:00Z,1.0091187
2020-12-15T00:00:00Z,1.011768686
2020-12-16T00:00:00Z,1.022742503
2020-12-17T00:00:00Z,1.044356284
2020-12-18T00:00:00Z,1.046742952
2020-12-19T00:00:00Z,1.019995856
2020-12-20T00:00:00Z,1.028924932
2020-12-21T00:00:00Z,1.01816363
2020-12-22T00:00:00Z,1.036112025
2020-12-23T00:00:00Z,1.034232084
2020-12-24T00:00:00Z,1.029301839
2020-12-25T00:00:00Z,1.008208552
2020-12-26T00:00:00Z,1.018939567
2020-12-27T00:00:00Z,1.028140206
2020-12-28T00:00:00Z,1.075420242
2020-12-29T00:00:00Z,1.053046604
2020-12-30T00:00:00Z,1.037697706
2020-12-31T00:00:00Z,1.024615904
2021-01-01T00:00:00Z,1.041845524
2021-01-02T00:00:00Z,1.0461743
2021-01-03T00:00:00Z,1.043683671
2021-01-04T00:00:00Z,1.046206658
2021-01-05T00:00:00Z,1.038489257
2021-01-06T00:00:00Z,1.045096921
2021-01-07T00:00:00Z,1.055924848
2021-01-08T00:00:00Z,1.053566507
2021-01-09T00:00:00Z,1.045873169
2021-01-10T00:00:00Z,1.02484139
2021-01-11T00:00:00Z,1.012670816
2021-01-12T00:00:00Z,1.0179129
2021-01-13T00:00:00Z,1.018239452
2021-01-14T00:00:00Z,1.030749789
2021-01-15T00:00:00Z,1.019062093
2021-01-16T00:00:00Z,1.012226302
2021-01-17T00:00:00Z,1.01024532
2021-01-18T00:00:00Z,1.018773117
2021-01-19T00:00:00Z,1.013133441
2021-01-20T00:00:00Z,1.005510751
2021-01-21T00:00:00Z,1.001522386
2021-01-22T00:00:00Z,1.002251661
2021-01-23T00:00:00Z,1.005592766
2021-01-24T00:00:00Z,1.003615069
2021-01-25T00:00:00Z,1.006368374
2021-01-26T00:00:00Z,1.002725043
2021-01-27T00:00:00Z,1.019887345
2021-01-28T00:00:00Z,1.013382598
2021-01-29T00:00:00Z,1.023677847
2021-01-30T00:00:00Z,1.008032443
2021-01-31T00:00:00Z,1.009731931
2021-02-01T00:00:00Z,1.006685755
2021-02-02T00:00:00Z,1.01465069
2021-02-03T00:00:00Z,1.012973181
2021-02-04T00:00:00Z,1.018423863
2021-02-05T00:00:00Z,1.026071604
2021-02-06T00:00:00Z,1.014599718
2021-02-07T00:00:00Z,1.013052486
2021-02-08T00:00:00Z,1.028191027
2021-02-09T00:00:00Z,1.033818031
2021-02-10T00:00:00Z,1.028354
2021-02-11T00:00:00Z,1.020649852
2021-02-12T00:00:00Z,1.023193695
2021-02-13T00:00:00Z,1.014658608
2021-02-14T00:00:00Z,1.010678459
2021-02-15T00:00:00Z,1.024860594
2021-02-16T00:00:00Z,1.013421622
2021-02-17T00:00:00Z,1.026996472
2021-02-18T00:00:00Z,1.027784291
2021-02-19T00:00:00Z,1.040751812
2021-02-20T00:00:00Z,1.030970256
2021-02-21T00:00:00Z,1.023127333
2021-02-22T00:00:00Z,1.018965606
2021-02-23T00:00:00Z,1.024925749
2021-02-24T00:00:00Z,1.022012529
2021-02-25T00:00:00Z,1.015779282
2021-02-26T00:00:00Z,1.02371055
2021-02-27T00:00:00Z,0.996929192
2021-02-28T00:00:00Z,1.003382713
2021-03-01T00:00:00Z,1.015226416
2021-03-02T00:00:00Z,1.015571863
2021-03-03T00:00:00Z,1.012213444
2021-03-04T00:00:00Z,1.011050078
2021-03-05T00:00:00Z,1.009813755
2021-03-06T00:00:00Z,1.006665028
2021-03-07T00:00:00Z,1.00575166
2021-03-08T00:00:00Z,1.015759092
2021-03-09T00:00:00Z,1.01674584
2021-03-10T00:00:00Z,1.020757606
2021-03-11T00:00:00Z,1.034157673
2021-03-12T00:00:00Z,1.031740707
2021-03-13T00:00:00Z,1.026512293
2021-03-14T00:00:00Z,1.023582452
2021-03-15T00:00:00Z,1.014526718
2021-03-16T00:00:00Z,1.023399055
2021-03-17T00:00:00Z,1.019508412
2021-03-18T00:00:00Z,1.014264187
2021-03-19T00:00:00Z,1.012633333
2021-03-20T00:00:00Z,1.015160824
2021-03-21T00:00:00Z,1.012008586
2021-03-22T00:00:00Z,1.016875738
2021-03-23T00:00:00Z,1.018575726
2021-03-24T00:00:00Z,1.015328998
2021-03-25T00:00:00Z,1.014044562
2021-03-26T00:00:00Z,1.013551233
2021-03-27T00:00:00Z,1.022534438
2021-03-28T00:00:00Z,1.012422732
2021-03-29T00:00:00Z,1.015044972
2021-03-30T00:00:00Z,1.01853371
2021-03-31T00:00:00Z,1.020102996
2021-04-01T00:00:00Z,1.026037608
2021-04-02T00:00:00Z,1.016833746
2021-04-03T00:00:00Z,1.005264192
2021-04-04T00:00:00Z,1.00794346
2021-04-05T00:00:00Z,1.008164491
2021-04-06T00:00:00Z,1.046472682
2021-04-07T00:00:00Z,1.00712056
2021-04-08T00:00:00Z,1.010307062
2021-04-09T00:00:00Z,1.008476215
2021-04-10T00:00:00Z,1.011893493
2021-04-11T00:00:00Z,1.015484021
2021-04-12T00:00:00Z,1.015958151
2021-04-13T00:00:00Z,1.020616272
2021-04-14T00:00:00Z,1.025852454
2021-04-15T00:00:00Z,1.018266906
2021-04-16T00:00:00Z,1.008572459
2021-04-17T00:00:00Z,1.01389318
2021-04-18T00:00:00Z,1.043521319
2021-04-19T00:00:00Z,1.002832153
2021-04-20T00:00:00Z,1.006065062
2021-04-21T00:00:00Z,1.002853852
2021-04-22T00:00:00Z,1.009130643
2021-04-23T00:00:00Z,0.998115046
2021-04-24T00:00:00Z,1.008051215
2021-04-25T00:00:00Z,1.000096205
2021-04-26T00:00:00Z,1.009617016
2021-04-27T00:00:00Z,1.013033003
2021-04-28T00:00:00Z,1.006097147
2021-04-29T00:00:00Z,1.01105559
2021-04-30T00:00:00Z,1.01311153
2021-05-01T00:00:00Z,1.007020814
2021-05-02T00:00:00Z,1.006172892
2021-05-03T00:00:00Z,1.008539994
2021-05-04T00:00:00Z,1.004762925
2021-05-05T00:00:00Z,1.01014968
2021-05-06T00:00:00Z,1.012186044
2021-05-07T00:00:00Z,1.023993306
2021-05-08T00:00:00Z,1.010444673
2021-05-09T00:00:00Z,1.012671665
2021-05-10T00:00:00Z,1.010211179
2021-05-11T00:00:00Z,1.004465923
2021-05-12T00:00:00Z,1.018934206
2021-05-13T00:00:00Z,0.997472138
2021-05-14T00:00:00Z,1.00071815
2021-05-15T00:00:00Z,1.000322251
2021-05-16T00:00:00Z,0.997648595
2021-05-17T00:00:00Z,0.99163635
2021-05-18T00:00:00Z,0.996230352
2021-05-19T00:00:00Z,0.977886333
2021-05-20T00:00:00Z,0.987702918
2021-05-21T00:00:00Z,0.991839108
2021-05-22T00:00:00Z,0.992039441
2021-05-23T00:00:00Z,0.991880806
2021-05-24T00:00:00Z,1.008555311
2021-05-25T00:00:00Z,0.993768973
2021-05-26T00:00:00Z,1.003104223
2021-05-27T00:00:00Z,0.996221275
2021-05-28T00:00:00Z,0.99378249
2021-05-29T00:00:00Z,0.994194122
2021-05-30T00:00:00Z,1.007865686
2021-05-31T00:00:00Z,0.997645694
2021-06-01T00:00:00Z,1.004464445
2021-06-02T00:00:00Z,0.999674501
2021-06-03T00:00:00Z,1.006186444
2021-06-04T00:00:00Z,0.985738767
2021-06-05T00:00:00Z,0.991459924
2021-06-06T00:00:00Z,0.997157003
2021-06-07T00:00:00Z,0.995403183
2021-06-08T00:00:00Z,0.984000675
2021-06-09T00:00:00Z,1.010583148
2021-06-10T00:00:00Z,1.002085101
2021-06-11T00:00:00Z,1.003661033
2021-06-12T00:00:00Z,0.993994332
2021-06-13T00:00:00Z,1.002501245
2021-06-14T00:00:00Z,1.012097891
2021-06-15T00:00:00Z,1.006052913
2021-06-16T00:00:00Z,1.00097999
2021-06-17T00:00:00Z,0.993517128
2021-06-18T00:00:00Z,0.995357166
2021-06-19T00:00:00Z,0.996349533
2021-06-20T00:00:00Z,0.996637569
2021-06-21T00:00:00Z,0.984265448
2021-06-22T00:00:00Z,0.990234834
2021-06-23T00:00:00Z,0.999825018
2021-06-24T00:00:00Z,0.998989744
2021-06-25T00:00:00Z,0.958122732
2021-06-26T00:00:00Z,0.990894748
2021-06-27T00:00:00Z,1.004120222
2021-06-28T00:00:00Z,1.001296314
2021-06-29T00:00:00Z,1.002258304
2021-06-30T00:00:00Z,0.993282112
2021-07-01T00:00:00Z,0.993037883
2021-07-02T00:00:00Z,0.982630758
2021-07-03T00:00:00Z,1.001079245
2021-07-04T00:00:00Z,1.001934808
2021-07-05T00:00:00Z,0.997969805
2021-07-06T00:00:00Z,0.998673247
2021-07-07T00:00:00Z,1.001324352
2021-07-08T00:00:00Z,0.996298745
2021-07-09T00:00:00Z,1.000269812
2021-07-10T00:00:00Z,0.999472169
2021-07-11T00:00:00Z,1.000468346
2021-07-12T00:00:00Z,1.002650296
2021-07-13T00:00:00Z,0.995350899
2021-07-14T00:00:00Z,0.994276463
2021-07-15T00:00:00Z,0.991937311
2021-07-16T00:00:00Z,0.994582954
2021-07-17T00:00:00Z,1.024769944
2021-07-18T00:00:00Z,0.995524314
2021-07-19T00:00:00Z,0.996364665
2021-07-20T00:00:00Z,0.996062293
2021-07-21T00:00:00Z,1.000503766
2021-07-22T00:00:00Z,1.00340455
2021-07-23T00:00:00Z,0.98428383
2021-07-24T00:00:00Z,1.001711788
2021-07-25T00:00:00Z,1.000599571
2021-07-26T00:00:00Z,1.021424637
2021-07-27T00:00:00Z,1.008769096
2021-07-28T00:00:00Z,1.01103906
2021-07-29T00:00:00Z,1.043206325
2021-07-30T00:00:00Z,1.004626368
2021-07-31T00:00:00Z,1.003104079
2021-08-01T00:00:00Z,1.000936829
2021-08-02T00:00:00Z,1.000983927
2021-08-03T00:00:00Z,0.998598251
2021-08-04T00:00:00Z,1.002602446
2021-08-05T00:00:00Z,1.003084515
2021-08-06T00:00:00Z,1.007496342
2021-08-07T00:00:00Z,1.00499505
2021-08-08T00:00:00Z,1.003938752
2021-08-09T00:00:00Z,1.010878729
2021-08-10T00:00:00Z,1.007762559
2021-08-11T00:00:00Z,1.005183253
2021-08-12T00:00:00Z,1.002902772
2021-08-13T00:00:00Z,1.008976142
2021-08-14T00:00:00Z,1.010653796
2021-08-15T00:00:00Z,1.002008032
2021-08-16T00:00:00Z,1.004246262
2021-08-17T00:00:00Z,1.002093785
2021-08-18T00:00:00Z,1.004082292
2021-08-19T00:00:00Z,1.004236879
2021-08-20T00:00:00Z,1.007191975
2021-08-21T00:00:00Z,1.004373652
2021-08-22T00:00:00Z,1.004059461
2021-08-23T00:00:00Z,1.006562256
2021-08-24T00:00:00Z,1.000623352
2021-08-25T00:00:00Z,1.008365207
2021-08-26T00:00:00Z,1.002055708
2021-08-27T00:00:00Z,1.002079862
2021-08-28T00:00:00Z,1.001886389
2021-08-29T00:00:00Z,1.001104735
2021-08-30T00:00:00Z,1.00181689
2021-08-31T00:00:00Z,1.002215679
2021-09-01T00:00:00Z,1.002448778
2021-09-02T00:00:00Z,1.003855021
2021-09-03T00:00:00Z,1.003827189
2021-09-04T00:00:00Z,1.002749046
2021-09-05T00:00:00Z,1.002626492
2021-09-06T00:00:00Z,1.003151252
2021-09-07T00:00:00Z,0.998619331
2021-09-08T00:00:00Z,1.000071419
2021-09-09T00:00:00Z,1.003776339
2021-09-10T00:00:00Z,0.999983938
2021-09-11T00:00:00Z,1.000265128
2021-09-12T00:00:00Z,1.000772677
2021-09-13T00:00:00Z,0.999658053
2021-09-14T00:00:00Z,1.000995496
2021-09-15T00:00:00Z,1.003947043
2021-09-16T00:00:00Z,1.002425819
2021-09-17T00:00:00Z,1.001432194
2021-09-18T00:00:00Z,1.001914833
2021-09-19T00:00:00Z,1.00101264
2021-09-20T00:00:00Z,0.997384703
2021-09-21T00:00:00Z,0.998641894
2021-09-22T00:00:00Z,1.001233722
2021-09-23T00:00:00Z,1.000858111
2021-09-24T00:00:00Z,0.997815344
2021-09-25T00:00:00Z,0.99995884
2021-09-26T00:00:00Z,1.020923528
2021-09-27T00:00:00Z,1.000977625
2021-09-28T00:00:00Z,0.997606177
2021-09-29T00:00:00Z,1.000264471
2021-09-30T00:00:00Z,1.002675803
2021-10-01T00:00:00Z,1.005162623
2021-10-02T00:00:00Z,1.004203347
2021-10-03T00:00:00Z,1.001613233
2021-10-04T00:00:00Z,1.002951371
2021-10-05T00:00:00Z,1.004285104
2021-10-06T00:00:00Z,1.010839984
2021-10-07T00:00:00Z,1.00714983
2021-10-08T00:00:00Z,1.003487443
2021-10-09T00:00:00Z,1.002829751
2021-10-10T00:00:00Z,1.004219427
2021-10-11T00:00:00Z,1.004437444
2021-10-12T00:00:00Z,1.005597134
2021-10-13T00:00:00Z,1.005072948
2021-10-14T00:00:00Z,1.008015532
2021-10-15T00:00:00Z,1.008864493
2021-10-16T00:00:00Z,1.005279716
2021-10-17T00:00:00Z,1.002295092
2021-10-18T00:00:00Z,1.006456078
2021-10-19T00:00:00Z,1.004460699
2021-10-20T00:00:00Z,1.009246532
2021-10-21T00:00:00Z,1.006527837
2021-10-22T00:00:00Z,1.001058053
2021-10-23T00:00:00Z,1.002170531
2021-10-24T00:00:00Z,1.005234058
2021-10-25T00:00:00Z,1.008660218
2021-10-26T00:00:00Z,1.004381498
2021-10-27T00:00:00Z,0.998681979
2021-10-28T00:00:00Z,1.005369239
2021-10-29T00:00:00Z,1.005351972
2021-10-30T00:00:00Z,1.001927417
2021-10-31T00:00:00Z,1.005097584
2021-11-01T00:00:00Z,1.010345718
2021-11-02T00:00:00Z,1.011879241
2021-11-03T00:00:00Z,1.008062718
2021-11-04T00:00:00Z,1.000904956
2021-11-05T00:00:00Z,1.004136836
2021-11-06T00:00:00Z,1.001803337
2021-11-07T00:00:00Z,1.001776826
2021-11-08T00:00:00Z,1.006743254
2021-11-09T00:00:00Z,1.005383707
2021-11-10T00:00:00Z,1.004575558
2021-11-11T00:00:00Z,1.003466297
2021-11-12T00:00:00Z,1.023172699
2021-11-13T00:00:00Z,1.00181031
2021-11-14T00:00:00Z,1.001468242
2021-11-15T00:00:00Z,1.004383661
2021-11-16T00:00:00Z,1.000850787
2021-11-17T00:00:00Z,1.001581678
2021-11-18T00:00:00Z,0.998435357
2021-11-19T00:00:00Z,0.999966037
2021-11-20T00:00:00Z,1.001451208
2021-11-21T00:00:00Z,1.000613169
2021-11-22T00:00:00Z,0.998578814
2021-11-23T00:00:00Z,1.000315439
2021-11-24T00:00:00Z,1.000788999
2021-11-25T00:00:00Z,1.010934549
2021-11-26T00:00:00Z,0.996968017
2021-11-27T00:00:00Z,0.999349541
2021-11-28T00:00:00Z,1.001206056
2021-11-29T00:00:00Z,1.00374518
2021-11-30T00:00:00Z,1.001537461
2021-12-01T00:00:00Z,1.003679867
2021-12-02T00:00:00Z,0.999855067
2021-12-03T00:00:00Z,0.998405265
2021-12-04T00:00:00Z,0.989864165
2021-12-05T00:00:00Z,0.998460583
2021-12-06T00:00:00Z,0.997749058
2021-12-07T00:00:00Z,1.004981205
2021-12-08T00:00:00Z,0.998928037
2021-12-09T00:00:00Z,0.996331516
2021-12-10T00:00:00Z,0.998257951
2021-12-11T00:00:00Z,1.001326033
2021-12-12T00:00:00Z,1.000638742
2021-12-13T00:00:00Z,0.997477437
2021-12-14T00:00:00Z,1.000386555
2021-12-15T00:00:00Z,1.00007539
2021-12-16T00:00:00Z,1.000467614
2021-12-17T00:00:00Z,0.99678161
2021-12-18T00:00:00Z,0.999642488
2021-12-19T00:00:00Z,1.000155153
2021-12-20T00:00:00Z,0.997104909
2021-12-21T00:00:00Z,1.003102434
2021-12-22T00:00:00Z,1.001201698
2021-12-23T00:00:00Z,1.002189074
2021-12-24T00:00:00Z,1.002873555
2021-12-25T00:00:00Z,0.999612875
2021-12-26T00:00:00Z,1.000288258
2021-12-27T00:00:00Z,1.002433998
2021-12-28T00:00:00Z,0.997416751
2021-12-29T00:00:00Z,0.99790381
2021-12-30T00:00:00Z,1.000176438
2021-12-31T00:00:00Z,1.000376623
2022-01-01T00:00:00Z,1.000653428
2022-01-02T00:00:00Z,0.999726455
2022-01-03T00:00:00Z,0.998604389
2022-01-04T00:00:00Z,0.998083286
2022-01-05T00:00:00Z,0.99906411
